id,seek,start,end,text,temperature,avg_logprob,compression_ratio,no_speech_prob
0,0,0.0,2.6," Galera, ali nessa loja tem uma fila enorme",0.0,-0.7146330310452369,1.6703296703296704,0.06243256852030754
1,0,2.6,4.4, E parece que é uma loja de jogos,0.0,-0.7146330310452369,1.6703296703296704,0.06243256852030754
2,0,4.4,8.2, E eu nunca vei uma loja de jogos na minha vida no Minecraft,0.0,-0.7146330310452369,1.6703296703296704,0.06243256852030754
3,0,8.2,11.3, E olha só quem tá aí é o caer,0.0,-0.7146330310452369,1.6703296703296704,0.06243256852030754
4,0,11.3,14.9," Mave craftido, eu não sabia tanto quem vai querer aqui",0.0,-0.7146330310452369,1.6703296703296704,0.06243256852030754
5,0,14.9,17.400000000000002, A baratilha o Minecraft 2,0.0,-0.7146330310452369,1.6703296703296704,0.06243256852030754
6,0,17.400000000000002,19.6," Ah, como assim? Minecraft 2?",0.0,-0.7146330310452369,1.6703296703296704,0.06243256852030754
7,0,19.6,22.0," E eu uma credito, esse Minecraft não é lançou",0.0,-0.7146330310452369,1.6703296703296704,0.06243256852030754
8,0,22.0,23.6," E da R$2,00, vendeando",0.0,-0.7146330310452369,1.6703296703296704,0.06243256852030754
9,0,23.6,26.6," E eu preciso comprar o Minecraft 2,00, e se você se ora da fila",0.0,-0.7146330310452369,1.6703296703296704,0.06243256852030754
10,0,26.6,28.3," E eu conheço o V&2, ele é meu amigo",0.0,-0.7146330310452369,1.6703296703296704,0.06243256852030754
11,2830,28.3,30.3," Oi, caer, e tudo bom",0.0,-0.5815578188214984,1.7294520547945205,0.004263380076736212
12,2830,30.3,33.3," Oi, quer se eu me envio da minha lajinha de gaming",0.0,-0.5815578188214984,1.7294520547945205,0.004263380076736212
13,2830,33.3,35.5," É, eu vi até cortei a fila aqui, não hora aqui",0.0,-0.5815578188214984,1.7294520547945205,0.004263380076736212
14,2830,35.5,38.9," Fiquei saber que era você, mas aí me vende um Minecraft 2 aí",0.0,-0.5815578188214984,1.7294520547945205,0.004263380076736212
15,2830,38.9,40.7, Só que eu sou posto e pagar a semana que veio,0.0,-0.5815578188214984,1.7294520547945205,0.004263380076736212
16,2830,40.7,43.3," Não, pera aí, você furou a filha ainda",0.0,-0.5815578188214984,1.7294520547945205,0.004263380076736212
17,2830,43.3,45.900000000000006," Quero que eu tivei, eu dava o Minecraft pra pagar a semana que vem",0.0,-0.5815578188214984,1.7294520547945205,0.004263380076736212
18,2830,45.900000000000006,49.3," É claro, caer, eu sou seu amigo, afinal de contas, né",0.0,-0.5815578188214984,1.7294520547945205,0.004263380076736212
19,2830,49.3,53.3," Olha só, quer dizer, eu sinto muito mais nada de vender fiar",0.0,-0.5815578188214984,1.7294520547945205,0.004263380076736212
20,2830,53.3,55.3," Não posso tiver, de peparar a semana que vem",0.0,-0.5815578188214984,1.7294520547945205,0.004263380076736212
21,5530,55.3,58.3," Ah não, eu não tenho dinheiro, caer, eu que eu faço",0.2,-0.660369356473287,1.8353293413173652,0.074705570936203
22,5530,58.3,60.3," Para comprar o Minecraft, quanto que é aí?",0.2,-0.660369356473287,1.8353293413173652,0.074705570936203
23,5530,60.3,64.3," Bom, você pode me ajudar só um Senz, você pode me ajudar, é?",0.2,-0.660369356473287,1.8353293413173652,0.074705570936203
24,5530,64.3,67.3," O que é o que você é o teagio, o que é que você é que é que eu faço?",0.2,-0.660369356473287,1.8353293413173652,0.074705570936203
25,5530,67.3,70.3, Olha o tanto de gente que tem pra entender que você me ajuda a vender as meus jogos,0.2,-0.660369356473287,1.8353293413173652,0.074705570936203
26,5530,70.3,72.3," Em o tipo, agonizão, o que é o tepago",0.2,-0.660369356473287,1.8353293413173652,0.074705570936203
27,5530,72.3,75.3," O meu Deus, você eu vou ter que ver e ver essas pessoas toda caer",0.2,-0.660369356473287,1.8353293413173652,0.074705570936203
28,5530,75.3,78.3," Tinha, exatamente meu amigo, bom, você vai trabalhar",0.2,-0.660369356473287,1.8353293413173652,0.074705570936203
29,5530,78.3,79.3," E eu te dou o celular, né?",0.2,-0.660369356473287,1.8353293413173652,0.074705570936203
30,5530,79.3,82.3," Então tá bom, acho que pode ser, dejou entrar na loja aí",0.2,-0.660369356473287,1.8353293413173652,0.074705570936203
31,5530,82.3,84.3," Vou caer, curante que eu te analoguei",0.2,-0.660369356473287,1.8353293413173652,0.074705570936203
32,8430,84.3,86.3," É aqui pelo outro lado aqui, a vinha",0.0,-0.6908444159045191,1.6910828025477707,0.061818983405828476
33,8430,86.3,89.3," Ah, tá, eu achei que foi a spray barra, tô meu, sujo",0.0,-0.6908444159045191,1.6910828025477707,0.061818983405828476
34,8430,89.3,93.3," Oh, mas pra você trabalhar aqui comigo, você vai ter que usar esse chacasinha, toma?",0.0,-0.6908444159045191,1.6910828025477707,0.061818983405828476
35,8430,93.3,98.3," E que chapê, eu sei carrer, eu não fiquei legal, que se já preu, não, eu posso estar na balhá sem não",0.0,-0.6908444159045191,1.6910828025477707,0.061818983405828476
36,8430,98.3,101.3," Ah, não, porque isso vai mostrar que você trabalha comigo",0.0,-0.6908444159045191,1.6910828025477707,0.061818983405828476
37,8430,101.3,105.3," Então tá bom, olha, já que eu não tenho escolha, quer, vai que eu vou caer",0.0,-0.6908444159045191,1.6910828025477707,0.061818983405828476
38,8430,105.3,107.3," Oi, sei aqui, sou Jor, de né?",0.0,-0.6908444159045191,1.6910828025477707,0.061818983405828476
39,8430,107.3,110.3," Sim, aqui eu tenho um aqui jogo, tenho só, né, que tem mais Minecraft 2",0.0,-0.6908444159045191,1.6910828025477707,0.061818983405828476
40,11030,110.3,113.3," Ah, então tá bom, eu vou vender, pode ir lá, diz que eu salai que eu vou vender",0.0,-0.7158432423742742,1.8126984126984127,0.225264310836792
41,11030,113.3,116.3," Ah, então, beleza, então, bom, eu vou aspenas ler meu amigo",0.0,-0.7158432423742742,1.8126984126984127,0.225264310836792
42,11030,116.3,119.3," Ah, caber, mano, emprego, né, não era essa intenção",0.0,-0.7158432423742742,1.8126984126984127,0.225264310836792
43,11030,119.3,122.3," Seja bem vindo ao lá, já me lembro que o jogo que tu quer aí, hein",0.0,-0.7158432423742742,1.8126984126984127,0.225264310836792
44,11030,122.3,124.3," Eu vou ser do meu carinho, que eu canto de fora, filho",0.0,-0.7158432423742742,1.8126984126984127,0.225264310836792
45,11030,124.3,127.3," Não, eu trabalho aqui, vai trabalhar, agora eu trabalho aqui",0.0,-0.7158432423742742,1.8126984126984127,0.225264310836792
46,11030,127.3,131.3," Ah, aí, tá de, então tá bom, bom, eu vou te errar aqui no jogo do sol, eu te tomei, eu me não falei",0.0,-0.7158432423742742,1.8126984126984127,0.225264310836792
47,11030,131.3,137.3," Deixe, acobi, eu vou pegar pra você, esse jogo aqui, esse jogo custa 30 reais",0.0,-0.7158432423742742,1.8126984126984127,0.225264310836792
48,13730,137.3,141.3," Na verdade, galera, esse jogo não custa 30 reais, ele só custa 20",0.0,-0.5336714996688667,1.6993670886075949,0.06556859612464905
49,13730,141.3,143.3," Mas, é uma ficar com ideias, né?",0.0,-0.5336714996688667,1.6993670886075949,0.06556859612464905
50,13730,143.3,144.3, Eu juço pelo meu trabalho,0.0,-0.5336714996688667,1.6993670886075949,0.06556859612464905
51,13730,144.3,146.3," Bom, eu gosto que jogo claro",0.0,-0.5336714996688667,1.6993670886075949,0.06556859612464905
52,13730,146.3,149.3," Pois é, pois é, sou o limbo, acho que sabe como é que é",0.0,-0.5336714996688667,1.6993670886075949,0.06556859612464905
53,13730,149.3,152.3," Não, tudo bem, faz um quino, é, eu veia ele no destumei",0.0,-0.5336714996688667,1.6993670886075949,0.06556859612464905
54,13730,152.3,154.3," Tá aqui, toma seu jogo, aqui, eu tomo a sua dinheiro",0.0,-0.5336714996688667,1.6993670886075949,0.06556859612464905
55,13730,154.3,158.3," E agora sim, galera, eu já vou guardar aqui o dinheiro, não cair, eu vou guardar aqui",0.0,-0.5336714996688667,1.6993670886075949,0.06556859612464905
56,13730,158.3,161.3," Se é um 20 ideias, sou o meu",0.0,-0.5336714996688667,1.6993670886075949,0.06556859612464905
57,13730,161.3,166.3," Agora sim, já tenho ideias, e depois ainda vai ter o pagamento que eu quero envor mirar",0.0,-0.5336714996688667,1.6993670886075949,0.06556859612464905
58,16630,166.3,169.3," Mas, como é muito rico, vou poder comprar todos os jogos que eu quiser",0.0,-0.4259996916118421,1.8172043010752688,0.10967451333999634
59,16630,169.3,171.3," Próximo da fila, eu sou o próximo",0.0,-0.4259996916118421,1.8172043010752688,0.10967451333999634
60,16630,171.3,175.3," Oi, se eu era próxima, pode escolher qual viou que você quiser",0.0,-0.4259996916118421,1.8172043010752688,0.10967451333999634
61,16630,175.3,178.3," Não, o meu nome é da web próximo, eu sou o próximo da fila",0.0,-0.4259996916118421,1.8172043010752688,0.10967451333999634
62,16630,178.3,183.3," Agora, eu entendi, então tá bom, mas qual jogo você vai querer, a gente tem de tudo aqui",0.0,-0.4259996916118421,1.8172043010752688,0.10967451333999634
63,16630,183.3,186.3," De tudo, eu vou querer então, eu fico da Barbie",0.0,-0.4259996916118421,1.8172043010752688,0.10967451333999634
64,16630,186.3,190.3," Então, pera aí, eu vou ter tá cheque, eu acho que jogo da Barbie, esse aqui",0.0,-0.4259996916118421,1.8172043010752688,0.10967451333999634
65,16630,190.3,193.3," Daqui, esse é o jogo da Barbie, ele custa 40 reais",0.0,-0.4259996916118421,1.8172043010752688,0.10967451333999634
66,19330,193.3,197.3," Nossa, mas tá muito caro, não te mas mas que eu vi, que ele tava 30",0.0,-0.5085262128501941,1.648562300319489,0.07053852081298828
67,19330,197.3,201.3," Oi, se é aumentou o pouquinho por isso, bom, ainda bem que eu trouxe um pouquinho mais de dinheiro, né?",0.0,-0.5085262128501941,1.648562300319489,0.07053852081298828
68,19330,201.3,204.3," Se joga que ele é muito bom, aqui está o pagamento, muito obrigado",0.0,-0.5085262128501941,1.648562300319489,0.07053852081298828
69,19330,204.3,207.3," De nada, é galera, eu tava ficando rico aí",0.0,-0.5085262128501941,1.648562300319489,0.07053852081298828
70,19330,207.3,210.3," Agora, eu te tiro aqui, 30 reais para o caer",0.0,-0.5085262128501941,1.648562300319489,0.07053852081298828
71,19330,210.3,212.3, E 10 pra mim,0.0,-0.5085262128501941,1.648562300319489,0.07053852081298828
72,19330,212.3,214.3, 6 horas e meio depois,0.0,-0.5085262128501941,1.648562300319489,0.07053852081298828
73,19330,214.3,217.3," O fato é que enfim, a caméide vem dentro",0.0,-0.5085262128501941,1.648562300319489,0.07053852081298828
74,19330,217.3,221.3," Agora, eu preciso te ama o caer, só que ele te deu chamar, ele você tem 3 segundos para deixar o like",0.0,-0.5085262128501941,1.648562300319489,0.07053852081298828
75,22130,221.3,243.3," Então, o meu parceiro aqui pode ser consegue, vou imaginar, é um, dois, três, saís",1.0,-2.3200629981788428,1.12,0.09395638853311539
76,22130,243.3,244.3," Aqui dar um saludo, saís",1.0,-2.3200629981788428,1.12,0.09395638853311539
77,24430,244.3,244.8, O Cero?,0.0,-0.7539920149178341,1.761467889908257,0.46147096157073975
78,24430,244.8,246.24," É, vem da uma olhagem aqui, ó.",0.0,-0.7539920149178341,1.761467889908257,0.46147096157073975
79,24430,246.24,247.10000000000002, Um...,0.0,-0.7539920149178341,1.761467889908257,0.46147096157073975
80,24430,247.10000000000002,251.54000000000002," Que isso, cara, vem do Felipeira, mas vem do videogames, vem do jogo, assim, ternos!",0.0,-0.7539920149178341,1.761467889908257,0.46147096157073975
81,24430,251.54000000000002,253.5," Sim, eu sei o dinheiro, tá bem aqui, ó.",0.0,-0.7539920149178341,1.761467889908257,0.46147096157073975
82,24430,253.5,255.82000000000002," Cara, porque você vem do meu motor, ó.",0.0,-0.7539920149178341,1.761467889908257,0.46147096157073975
83,24430,255.82000000000002,257.34000000000003," Como é, eu tenho que te dar sua pagamento, berenco?",0.0,-0.7539920149178341,1.761467889908257,0.46147096157073975
84,24430,257.34000000000003,258.94," É, eu tô esperando meu pagamento.",0.0,-0.7539920149178341,1.761467889908257,0.46147096157073975
85,24430,258.94,260.08000000000004, Eeeeh...,0.0,-0.7539920149178341,1.761467889908257,0.46147096157073975
86,24430,260.08000000000004,261.32," Ai, ó, agora vou ficar rio.",0.0,-0.7539920149178341,1.761467889908257,0.46147096157073975
87,24430,261.32,265.18," Aqui, ó, como você trabalhou bastante, ó, tomo, você quer esse dinheiro que é tudo o seu.",0.0,-0.7539920149178341,1.761467889908257,0.46147096157073975
88,24430,265.18,269.46000000000004," O cara, berenca, vai de vagate, ó, meu serê, muito bom!",0.0,-0.7539920149178341,1.761467889908257,0.46147096157073975
89,24430,269.46000000000004,273.54," Agora, sim, é, falou, ó, cara, agora não quer mais trabalhar para você, não.",0.0,-0.7539920149178341,1.761467889908257,0.46147096157073975
90,27354,273.54,274.74, E eu me demito.,0.4,-0.891227225580159,1.6019417475728155,0.0340871699154377
91,27354,274.74,277.44," Tá falando o serem, mas você trabalhou tão bem!",0.4,-0.891227225580159,1.6019417475728155,0.0340871699154377
92,27354,277.44,280.72," Bois é, a trabalhar, tá bem que eu vou fazer até o negócio para mim.",0.4,-0.891227225580159,1.6019417475728155,0.0340871699154377
93,27354,280.72,281.48, Ooooooo!,0.4,-0.891227225580159,1.6019417475728155,0.0340871699154377
94,27354,281.48,283.6," Eu mais de creia, bote, ó, aqui ele comprobar, não!",0.4,-0.891227225580159,1.6019417475728155,0.0340871699154377
95,27354,283.6,285.18," Ah, verdade, você tem quantos copes aí.",0.4,-0.891227225580159,1.6019417475728155,0.0340871699154377
96,27354,285.18,287.42," Ah, eu acho que você vem de muito ruas.",0.4,-0.891227225580159,1.6019417475728155,0.0340871699154377
97,27354,287.42,290.28000000000003," Cato, não merece seu cabeação!",0.4,-0.891227225580159,1.6019417475728155,0.0340871699154377
98,27354,290.28000000000003,292.98," Ahahahahahah, meu túlo, hein!",0.4,-0.891227225580159,1.6019417475728155,0.0340871699154377
99,27354,292.98,298.36," Mas não tem problema, galera, aqui eu vende tão bem que eu vou abrir a própria loja de jogos.",0.4,-0.891227225580159,1.6019417475728155,0.0340871699154377
100,27354,298.36,300.66," E aí, eu vou ter os jogos mais raros do mundo.",0.4,-0.891227225580159,1.6019417475728155,0.0340871699154377
101,30066,300.66,305.06," Então, é hora de eu gastar essa grana, que eu gaguei aqui, alguma coisa a útil.",0.0,-0.44569219242442737,1.8240740740740742,0.08149997144937515
102,30066,305.06,308.1," Agora sim, bom que é se ele vender, eu me alagem terra.",0.0,-0.44569219242442737,1.8240740740740742,0.08149997144937515
103,30066,308.1,309.78000000000003," Então, acho que eu posti na medida de foga.",0.0,-0.44569219242442737,1.8240740740740742,0.08149997144937515
104,30066,309.78000000000003,312.42," Eu vou pro minha casa, vou dormir um pouquinho e vou descansar.",0.0,-0.44569219242442737,1.8240740740740742,0.08149997144937515
105,30066,312.42,314.94000000000005, Eu acho que eu não consigo vender tão bem o dia só.,0.0,-0.44569219242442737,1.8240740740740742,0.08149997144937515
106,30066,314.94000000000005,320.58000000000004," Comprei alguns bloques para fazer a minha loja, eu acho que eu vou ter que fazer a loja do lado do ojo do caer.",0.0,-0.44569219242442737,1.8240740740740742,0.08149997144937515
107,30066,320.58000000000004,323.98," Eu não posso fazer nada, galera, esse aqui é o melhor lugar para se fazer uma loja.",0.0,-0.44569219242442737,1.8240740740740742,0.08149997144937515
108,30066,323.98,327.02000000000004," Bom, só que eu vou colocar um pouquinho mais a frente, que é assim, eu vou vender mais.",0.0,-0.44569219242442737,1.8240740740740742,0.08149997144937515
109,32702,327.02,330.65999999999997," Então, vou começar fazendo aqui com esse bloqueu azul que é muito bonito.",0.0,-0.4188287273731107,1.7335526315789473,0.18702580034732819
110,32702,330.65999999999997,333.29999999999995," E logo depois, as pareiras serão brancas.",0.0,-0.4188287273731107,1.7335526315789473,0.18702580034732819
111,32702,335.14,338.34," E olha, só, minha loja tá ficando muito top, galera.",0.0,-0.4188287273731107,1.7335526315789473,0.18702580034732819
112,32702,338.34,340.38, E agora vamos lá para parte do chão.,0.0,-0.4188287273731107,1.7335526315789473,0.18702580034732819
113,32702,340.38,345.14," E agora vamos lá, eu acho que o chãozinho é assim com esse pilar de quarto vai ficar legal, galera.",0.0,-0.4188287273731107,1.7335526315789473,0.18702580034732819
114,32702,345.14,350.18," Depois disso, a gente precisa fazer o teto, e o teto vai ser com esse bloqueu azul aqui mesmo que é bem bonito.",0.0,-0.4188287273731107,1.7335526315789473,0.18702580034732819
115,32702,350.18,354.62," Agora, só voto os acabamentos e eu já voto para mostrar por vocês como fica.",0.0,-0.4188287273731107,1.7335526315789473,0.18702580034732819
116,32702,354.62,356.26," Tristias, depois?",0.0,-0.4188287273731107,1.7335526315789473,0.18702580034732819
117,35626,356.82,360.26," Até que enfim, a caber em minha loja, galera, deu muito trabalho.",0.0,-0.3414358448337864,1.6551724137931034,0.022280925884842873
118,35626,360.26,361.7, E eu gastei muita grana.,0.0,-0.3414358448337864,1.6551724137931034,0.022280925884842873
119,35626,361.7,364.9, Mas você pode ver que a minha loja ficou sensacional.,0.0,-0.3414358448337864,1.6551724137931034,0.022280925884842873
120,35626,364.9,367.5, E acho que ficou até melhor do que a loja do caer.,0.0,-0.3414358448337864,1.6551724137931034,0.022280925884842873
121,35626,367.5,371.65999999999997," Olha só isso, eu tenho todo tipo de jogo, e ainda tenho computadores.",0.0,-0.3414358448337864,1.6551724137931034,0.022280925884842873
122,35626,371.65999999999997,373.18, Já ultima geração.,0.0,-0.3414358448337864,1.6551724137931034,0.022280925884842873
123,35626,373.18,375.9," Então, agora é hora de começar a vender.",0.0,-0.3414358448337864,1.6551724137931034,0.022280925884842873
124,35626,375.9,381.06," Venho comprar a minha loja, a melhor loja de jogos de todo o Minecraft.",0.0,-0.3414358448337864,1.6551724137931034,0.022280925884842873
125,35626,381.06,383.3," E outra coisa, aqui tem jogos baratos.",0.0,-0.3414358448337864,1.6551724137931034,0.022280925884842873
126,35626,383.3,384.9, É igual a loja do lado ali não.,0.0,-0.3414358448337864,1.6551724137931034,0.022280925884842873
127,38490,385.65999999999997,388.41999999999996," Vá de descanser de baixa, acho que este agora, deu voltar para a minha loja.",0.0,-0.5563027098938659,1.8020134228187918,0.03731751814484596
128,38490,388.41999999999996,391.94," A minha loja tá bem ali, na frente, mas peraim!",0.0,-0.5563027098938659,1.8020134228187918,0.03731751814484596
129,38490,391.94,393.06, O que que que que que eu me deu?,0.0,-0.5563027098938659,1.8020134228187918,0.03731751814484596
130,38490,393.06,395.06, Uma loja do lado da minha.,0.0,-0.5563027098938659,1.8020134228187918,0.03731751814484596
131,38490,395.06,397.06, E olha o teto de jeito que tem ali.,0.0,-0.5563027098938659,1.8020134228187918,0.03731751814484596
132,38490,397.06,399.7," Ah, aquela loja do caer.",0.0,-0.5563027098938659,1.8020134228187918,0.03731751814484596
133,38490,399.7,404.26," Ah, e o na credito nisso, e o uso do dinheiro que eu depreio para a minha loja do lado da minha.",0.0,-0.5563027098938659,1.8020134228187918,0.03731751814484596
134,38490,404.26,405.62, Nem pra ser em outro lugar.,0.0,-0.5563027098938659,1.8020134228187918,0.03731751814484596
135,38490,405.62,408.17999999999995," Ah, e o na credito que ele fez isso, eu vou ter que lá falar com ele.",0.0,-0.5563027098938659,1.8020134228187918,0.03731751814484596
136,38490,408.17999999999995,411.73999999999995," Sim, aqui tem os melhores jogos de toda a facidade.",0.0,-0.5563027098938659,1.8020134228187918,0.03731751814484596
137,38490,411.73999999999995,414.14, É só fazer isso é aproximar e comprar.,0.0,-0.5563027098938659,1.8020134228187918,0.03731751814484596
138,41414,414.21999999999997,419.5," A unemployment por um deus lá em contôcelles, olha como para o do lado da minha loja!",1.0,-4.305642908269709,1.3798882681564246,0.023681750521063805
139,41414,419.5,421.41999999999996," Isso, o e eu.",1.0,-4.305642908269709,1.3798882681564246,0.023681750521063805
140,41414,421.41999999999996,422.65999999999997," caso foi igual, é...",1.0,-4.305642908269709,1.3798882681564246,0.023681750521063805
141,41414,422.65999999999997,424.82, O que que eu deutsche...,1.0,-4.305642908269709,1.3798882681564246,0.023681750521063805
142,41414,424.82,426.88," Pão nós vamos chegar paraicket, pré?",1.0,-4.305642908269709,1.3798882681564246,0.023681750521063805
143,41414,426.88,428.68, Espera.,1.0,-4.305642908269709,1.3798882681564246,0.023681750521063805
144,41414,428.68,429.94," Masque você apenas o leapita de luz, olha Attention.",1.0,-4.305642908269709,1.3798882681564246,0.023681750521063805
145,41414,429.94,433.9," Valean paraitter, assim super diferente, ou seja?",1.0,-4.305642908269709,1.3798882681564246,0.023681750521063805
146,41414,433.9,434.91999999999996, N 차�mante.,1.0,-4.305642908269709,1.3798882681564246,0.023681750521063805
147,41414,434.91999999999996,435.84, Eles começam a contar �é.,1.0,-4.305642908269709,1.3798882681564246,0.023681750521063805
148,41414,435.84,436.7, Mano...,1.0,-4.305642908269709,1.3798882681564246,0.023681750521063805
149,41414,436.7,438.74, Das essasРИSTECAS Mudam a nossa!,1.0,-4.305642908269709,1.3798882681564246,0.023681750521063805
150,41414,438.74,439.47999999999996, strips…,1.0,-4.305642908269709,1.3798882681564246,0.023681750521063805
151,41414,439.47999999999996,440.46," Enquanto não aды 1 com 1° e 5°,",1.0,-4.305642908269709,1.3798882681564246,0.023681750521063805
152,41414,440.46,441.3, ele é quando com 1°.,1.0,-4.305642908269709,1.3798882681564246,0.023681750521063805
153,41414,441.3,442.08, Não!,1.0,-4.305642908269709,1.3798882681564246,0.023681750521063805
154,41414,442.08,443.21999999999997, Não precisa?,1.0,-4.305642908269709,1.3798882681564246,0.023681750521063805
155,41414,443.21999999999997,443.78, Por primeiro...,1.0,-4.305642908269709,1.3798882681564246,0.023681750521063805
156,44378,443.78,445.08," Eu acho que não é do nada também, né?",0.0,-0.7318212890625,2.0184615384615383,0.45019078254699707
157,44378,445.08,446.08, Você vai te protolugar?,0.0,-0.7318212890625,2.0184615384615383,0.45019078254699707
158,44378,446.08,448.38," Não tem como, como é que eu vou pegar minha loia toda,",0.0,-0.7318212890625,2.0184615384615383,0.45019078254699707
159,44378,448.38,451.91999999999996," e é estar manhado, e eu vou pegar botar nas quais se cair pra o outro lugar,",0.0,-0.7318212890625,2.0184615384615383,0.45019078254699707
160,44378,451.91999999999996,452.91999999999996, que é?,0.0,-0.7318212890625,2.0184615384615383,0.45019078254699707
161,44378,452.91999999999996,455.17999999999995," Ah sei lá, dá seu jeito de me botar seu custo aqui.",0.0,-0.7318212890625,2.0184615384615383,0.45019078254699707
162,44378,455.17999999999995,456.17999999999995, Eu tive uma ideia.,0.0,-0.7318212890625,2.0184615384615383,0.45019078254699707
163,44378,456.17999999999995,458.97999999999996," Ah bom, lá, vez e dedo que é a esconta.",0.0,-0.7318212890625,2.0184615384615383,0.45019078254699707
164,44378,458.97999999999996,461.78," Que é que se é de você pegar sua loia de cima, andar daqui?",0.0,-0.7318212890625,2.0184615384615383,0.45019078254699707
165,44378,461.78,463.17999999999995," É claro, eu vou fazer isso pra...",0.0,-0.7318212890625,2.0184615384615383,0.45019078254699707
166,44378,463.17999999999995,464.78," Você tá, é de saca, né?",0.0,-0.7318212890625,2.0184615384615383,0.45019078254699707
167,44378,464.78,465.78," Eu come a cara, né?",0.0,-0.7318212890625,2.0184615384615383,0.45019078254699707
168,44378,465.78,468.78, Você trabalhou comigo e fez uma loia de...,0.0,-0.7318212890625,2.0184615384615383,0.45019078254699707
169,44378,468.78,470.17999999999995," Não, você me paga se vai fazer.",0.0,-0.7318212890625,2.0184615384615383,0.45019078254699707
170,47018,470.58,472.34000000000003, Eu não Battlemax né?,1.0,-4.118864658900669,1.2025316455696202,0.10515028238296509
171,47018,472.34000000000003,473.58," Ver, não, é não.",1.0,-4.118864658900669,1.2025316455696202,0.10515028238296509
172,47018,473.58,476.04, Quem vai ver seقي a sua loia de هsuara?,1.0,-4.118864658900669,1.2025316455696202,0.10515028238296509
173,47018,476.04,478.40000000000003," que coloca aBackru sont minha loia de lá, né?!",1.0,-4.118864658900669,1.2025316455696202,0.10515028238296509
174,47018,478.40000000000003,496.82, Como você vai,1.0,-4.118864658900669,1.2025316455696202,0.10515028238296509
175,47018,496.82,498.22, cober a outro naоде e leia cin Books?,1.0,-4.118864658900669,1.2025316455696202,0.10515028238296509
176,49822,498.22,502.54," É, minha Deus do céu tá, vai te custar ideais, é um joguinho que...",0.0,-0.6793094981800426,1.6602739726027398,0.46156206727027893
177,49822,502.54,505.18," Que só dá profissão dá pra frente, você vai querer me remerir assim.",0.0,-0.6793094981800426,1.6602739726027398,0.46156206727027893
178,49822,505.18,508.26000000000005," Sim, eu vou querer esse mesmo aqui, eu tal os danxas, toma.",0.0,-0.6793094981800426,1.6602739726027398,0.46156206727027893
179,49822,508.26000000000005,509.62," Meu Deus, eu vou derrer ela fora.",0.0,-0.6793094981800426,1.6602739726027398,0.46156206727027893
180,49822,509.62,511.34000000000003," E aqui, está os teus joguinhos.",0.0,-0.6793094981800426,1.6602739726027398,0.46156206727027893
181,49822,511.34000000000003,513.34," Ele é pebo, rito, né? Muito obrigado.",0.0,-0.6793094981800426,1.6602739726027398,0.46156206727027893
182,49822,513.34,515.38," Tchau, eu quero agradecer, Voxe, e aí.",0.0,-0.6793094981800426,1.6602739726027398,0.46156206727027893
183,49822,515.38,518.78," Olha só isso, galera, o que eu queria conseguir montar longe é melhor do que é minha.",0.0,-0.6793094981800426,1.6602739726027398,0.46156206727027893
184,49822,518.78,520.4200000000001, E tá notada de gente!,0.0,-0.6793094981800426,1.6602739726027398,0.46156206727027893
185,49822,520.4200000000001,522.46," Ah, mas isso não vai ficar desse rito, não, galera.",0.0,-0.6793094981800426,1.6602739726027398,0.46156206727027893
186,49822,522.46,525.9," Eu vou esperar ele sair da linda, eu vou trocar todos os jogos de dele, os jogos ruins.",0.0,-0.6793094981800426,1.6602739726027398,0.46156206727027893
187,52590,525.9,528.78," O sorte eu tenho aqui no meu stock, o monte de jogo que não presta.",0.0,-0.4488657797536542,1.6538461538461537,0.04601728916168213
188,52590,528.78,531.5799999999999," Tá tudo nesta escacha aqui, eu só preciso esperar ele dar o pé, ali.",0.0,-0.4488657797536542,1.6538461538461537,0.04601728916168213
189,52590,531.5799999999999,533.42," Uma, ó, vai depois.",0.0,-0.4488657797536542,1.6538461538461537,0.04601728916168213
190,52590,533.42,536.54," Galera, já tá até de noite, eu consegui vender muito.",0.0,-0.4488657797536542,1.6538461538461537,0.04601728916168213
191,52590,536.54,540.62," Esse dinheiro que tá aqui na minha mão faz parte, só do a pequena parte que eu vei de...",0.0,-0.4488657797536542,1.6538461538461537,0.04601728916168213
192,52590,540.62,544.9399999999999," Olha só, eu estou muito rico, mas agora é hora de fechar a loja.",0.0,-0.4488657797536542,1.6538461538461537,0.04601728916168213
193,52590,544.9399999999999,548.06, Eu vou usar esse controle aqui para fechar a loja.,0.0,-0.4488657797536542,1.6538461538461537,0.04601728916168213
194,52590,548.06,551.5," Bom, mas aí, eu tenho que sair dela, porque esse não eu vou ficar preso aqui, galera.",0.0,-0.4488657797536542,1.6538461538461537,0.04601728916168213
195,55150,551.5,556.38," É só apertar um botão e o meu sistema de segurança tate, vado.",0.0,-0.4812068816154234,1.6564625850340136,0.02756866253912449
196,55150,556.38,561.42," A loja tá totalmente fechado com esses blocos super resistentes, que não quebra um por nada.",0.0,-0.4812068816154234,1.6564625850340136,0.02756866253912449
197,55150,561.42,564.38," Esse é o que se abri a minha loja, o aperto botão de novo.",0.0,-0.4812068816154234,1.6564625850340136,0.02756866253912449
198,55150,564.38,566.66," E pronto, minha loja está aberta.",0.0,-0.4812068816154234,1.6564625850340136,0.02756866253912449
199,55150,566.66,570.54," Agora eu vou fechar e voar um pé, porque já tá de noite, eu preciso dormir.",0.0,-0.4812068816154234,1.6564625850340136,0.02756866253912449
200,55150,570.54,572.54," Não aparece o clube aqui, história minha loja.",0.0,-0.4812068816154234,1.6564625850340136,0.02756866253912449
201,55150,572.54,574.26," Pronto, hein, vamo embora daqui.",0.0,-0.4812068816154234,1.6564625850340136,0.02756866253912449
202,55150,574.26,575.82," Parece que o que esta está indo, bora.",0.0,-0.4812068816154234,1.6564625850340136,0.02756866253912449
203,55150,575.82,577.1, Tem que ter ficado de noite.,0.0,-0.4812068816154234,1.6564625850340136,0.02756866253912449
204,57710,577.1,580.5400000000001," E agora, agora, agora, se eu curto, eu coloco nosso plânei prática.",0.0,-0.6484546746908282,1.7706666666666666,0.27183452248573303
205,57710,580.5400000000001,583.78," Mas pera aí, o que que se garoto fez no mojo dele?",0.0,-0.6484546746908282,1.7706666666666666,0.27183452248573303
206,57710,583.78,586.3000000000001, O orações se ele cura com o monte de ploco.,0.0,-0.6484546746908282,1.7706666666666666,0.27183452248573303
207,57710,586.3000000000001,588.86," Ah, macava aí, calma aí, calma aí, que eu já tenho o plano do perfeto pra isso.",0.0,-0.6484546746908282,1.7706666666666666,0.27183452248573303
208,57710,588.86,591.58," Qual é uma falha aqui, no mojo de toque, eu tenho muito de jogo que tá ruim.",0.0,-0.6484546746908282,1.7706666666666666,0.27183452248573303
209,57710,591.58,593.3000000000001," Olha só, moja de cdv, olha aqui.",0.0,-0.6484546746908282,1.7706666666666666,0.27183452248573303
210,57710,593.3000000000001,595.02, E eu tenho que ir comigo essa espátula.,0.0,-0.6484546746908282,1.7706666666666666,0.27183452248573303
211,57710,595.02,597.5400000000001," E eu vai ser coelho, que eu vou conseguir entrar na lojinha do queça.",0.0,-0.6484546746908282,1.7706666666666666,0.27183452248573303
212,57710,597.5400000000001,601.34," Bom, eu acho que vai ser muito simples, só a gente vem aqui no cantinho e quebra aqui, a terra.",0.0,-0.6484546746908282,1.7706666666666666,0.27183452248573303
213,57710,601.34,603.02," E pronto, se eu te caça que passar por baixo.",0.0,-0.6484546746908282,1.7706666666666666,0.27183452248573303
214,57710,603.02,604.5," Primeiro, a gente quebraça aqui também.",0.0,-0.6484546746908282,1.7706666666666666,0.27183452248573303
215,60450,604.5,606.26," E agora, só quebra isso, tá aqui.",0.0,-0.49341241126637825,1.876675603217158,0.03731261193752289
216,60450,606.26,609.26," Prontis, a gente sai aqui na parte de dentro da loja do queça.",0.0,-0.49341241126637825,1.876675603217158,0.03731261193752289
217,60450,609.26,611.62," Agora, só, deslobe só, e vamos concluir, tá do queça.",0.0,-0.49341241126637825,1.876675603217158,0.03731261193752289
218,60450,611.62,614.86," Olha só, isso galera, o queça tem muita coisa aqui na loja dele.",0.0,-0.49341241126637825,1.876675603217158,0.03731261193752289
219,60450,614.86,616.18," Mas eu não vou pegar nada disso, não.",0.0,-0.49341241126637825,1.876675603217158,0.03731261193752289
220,60450,616.18,618.38," Vou fazer o seguinte, vou só pegar esse jogo de dele aqui.",0.0,-0.49341241126637825,1.876675603217158,0.03731261193752289
221,60450,618.38,621.86," E agora, vou colocar esse monte de cdv aqui no lugar das capis de jogo.",0.0,-0.49341241126637825,1.876675603217158,0.03731261193752289
222,60450,621.86,625.46," Eu acho que eu não vou nem desconfiar, porque essas capis também vem em tudo cheio de cdv.",0.0,-0.49341241126637825,1.876675603217158,0.03731261193752289
223,60450,625.46,627.66," Prontinho, galera, eu cheio aqui em todos os jogos do queça.",0.0,-0.49341241126637825,1.876675603217158,0.03731261193752289
224,60450,627.66,629.46," Por esse monte de cdru em aqui, ó.",0.0,-0.49341241126637825,1.876675603217158,0.03731261193752289
225,60450,629.46,630.94," Então, você tem aqui, o brado.",0.0,-0.49341241126637825,1.876675603217158,0.03731261193752289
226,63094,630.94,634.0200000000001," Quando quer dizer ver disso aqui, os clientes dele, eu vou ficar maluco com ele.",0.0,-0.6185282414882027,1.6859504132231404,0.23645351827144623
227,63094,634.0200000000001,635.74," Agora, deixa eu dando pétese aqui e sei lá, né?",0.0,-0.6185282414882027,1.6859504132231404,0.23645351827144623
228,63094,635.74,636.9000000000001, Vai que ele tem um alarm.,0.0,-0.6185282414882027,1.6859504132231404,0.23645351827144623
229,63094,636.9000000000001,638.4200000000001," E eu não tô a frente, eu não alarbo do queço não.",0.0,-0.6185282414882027,1.6859504132231404,0.23645351827144623
230,63094,638.4200000000001,640.3800000000001," Então, a gente parte pro ver, no lugar que a gente vem,",0.0,-0.6185282414882027,1.6859504132231404,0.23645351827144623
231,63094,640.3800000000001,643.2600000000001, e fecha tudo direitinho e agora dá no pé daqui.,0.0,-0.6185282414882027,1.6859504132231404,0.23645351827144623
232,63094,643.2600000000001,646.9000000000001," E inclusive, eu te compro com as coisas para repórter que na minha loja, porque tá vazia.",0.0,-0.6185282414882027,1.6859504132231404,0.23645351827144623
233,63094,646.9000000000001,649.62, Seis oras e meia depois.,0.0,-0.6185282414882027,1.6859504132231404,0.23645351827144623
234,63094,649.62,653.58," Mas, ou um belo dia, a divender jogos da minha super loja.",0.0,-0.6185282414882027,1.6859504132231404,0.23645351827144623
235,63094,653.58,656.98," E como de costumia, minha loja, que é que, com segurança, mas é, mas é,",0.0,-0.6185282414882027,1.6859504132231404,0.23645351827144623
236,63094,656.98,658.94," e agora, só preciso abrir a minha loja.",0.0,-0.6185282414882027,1.6859504132231404,0.23645351827144623
237,65894,658.94,661.1," Só que a gente deu a minha loja, o que ele que você soubesque,",0.0,-0.6437696287145165,1.6685878962536023,0.052603911608457565
238,65894,661.1,664.6600000000001, mais de 80% das pessoas que assiste nossos vídeos aqui no YouTube.,0.0,-0.6437696287145165,1.6685878962536023,0.052603911608457565
239,65894,664.6600000000001,666.0600000000001, Não seorescritos no nosso canal.,0.0,-0.6437696287145165,1.6685878962536023,0.052603911608457565
240,65894,666.0600000000001,669.3800000000001," Seus pessoas que assistem, escrevei, ajuda a gente a bater um milhão de escrito.",0.0,-0.6437696287145165,1.6685878962536023,0.052603911608457565
241,65894,669.3800000000001,672.22," E agora, sim, você já te escreveu o voa-brim e a loja.",0.0,-0.6437696287145165,1.6685878962536023,0.052603911608457565
242,65894,672.22,675.7," Login, aberta a pessoa, agora saiu, entrar?",0.0,-0.6437696287145165,1.6685878962536023,0.052603911608457565
243,65894,675.7,677.34, E começar a trabalhar.,0.0,-0.6437696287145165,1.6685878962536023,0.052603911608457565
244,65894,677.34,678.86, Pra ganhar muito mais de novo.,0.0,-0.6437696287145165,1.6685878962536023,0.052603911608457565
245,65894,678.86,681.58," Pode a enxergar a minha clíentela, aqui estou.",0.0,-0.6437696287145165,1.6685878962536023,0.052603911608457565
246,65894,681.58,683.3800000000001," E a comer a saber então, os meus jogos.",0.0,-0.6437696287145165,1.6685878962536023,0.052603911608457565
247,65894,683.3800000000001,685.62," Pode ser a próxima, o primeiro da fila.",0.0,-0.6437696287145165,1.6685878962536023,0.052603911608457565
248,65894,685.62,688.22," Qual o jogo hoje, você vai querer levar em?",0.0,-0.6437696287145165,1.6685878962536023,0.052603911608457565
249,68822,688.22,690.7," Eu não quero ir a sua clíentela, mas você vai me prevecer.",0.0,-0.6774173092532467,1.7370242214532872,0.01115390658378601
250,68822,690.7,696.74, Deixa comigo que eu vou pegar aqui duas copes do Minecraft 32 pra você.,0.0,-0.6774173092532467,1.7370242214532872,0.01115390658378601
251,68822,696.74,698.98, E que cede aência aqui?,0.0,-0.6774173092532467,1.7370242214532872,0.01115390658378601
252,68822,698.98,700.86, Eu não te agolocado a esse cede aqui.,0.0,-0.6774173092532467,1.7370242214532872,0.01115390658378601
253,68822,700.86,705.14, Tinhou os copes do Minecraft 2 e ainda tinha outros jogos.,0.0,-0.6774173092532467,1.7370242214532872,0.01115390658378601
254,68822,705.14,707.34," Muito melhor, de que esse negócio aqui?",0.0,-0.6774173092532467,1.7370242214532872,0.01115390658378601
255,68822,707.34,708.94," Gente, o que aconteceu?",0.0,-0.6774173092532467,1.7370242214532872,0.01115390658378601
256,68822,708.94,712.46," E eu não sei o que aconteceu, só botar o minha loja.",0.0,-0.6774173092532467,1.7370242214532872,0.01115390658378601
257,68822,712.46,714.9, Eu acho que eu vou ter que vender esse disco aqui.,0.0,-0.6774173092532467,1.7370242214532872,0.01115390658378601
258,68822,714.9,718.1800000000001," Olha, meu amigo, eu não tenho Minecraft 2, mas eu só tenho esse vídeo.",0.0,-0.6774173092532467,1.7370242214532872,0.01115390658378601
259,71818,718.18,720.54, E disse que eu não sei nem pra que que serve.,0.0,-0.7536100499770221,1.8422712933753944,0.043998103588819504
260,71818,720.54,721.8199999999999," Pera aí, tá escrito aqui.",0.0,-0.7536100499770221,1.8422712933753944,0.043998103588819504
261,71818,721.8199999999999,723.18, É um disco de músicas.,0.0,-0.7536100499770221,1.8422712933753944,0.043998103588819504
262,71818,723.18,725.3, Será que você é querendo um disco de músicas?,0.0,-0.7536100499770221,1.8422712933753944,0.043998103588819504
263,71818,725.3,728.02," Olha, esse disco é de Minecraft, se você for assim.",0.0,-0.7536100499770221,1.8422712933753944,0.043998103588819504
264,71818,728.02,731.2199999999999," É, eu acho que as músicas do Minecraft, mas eu não sei.",0.0,-0.7536100499770221,1.8422712933753944,0.043998103588819504
265,71818,731.2199999999999,733.02, Por quanto que eu posso vender isso aqui?,0.0,-0.7536100499770221,1.8422712933753944,0.043998103588819504
266,71818,733.02,734.8199999999999," Daí, real, pode ser?",0.0,-0.7536100499770221,1.8422712933753944,0.043998103588819504
267,71818,734.8199999999999,736.5," Tá pra que, assim, de fato, se você for, você não.",0.0,-0.7536100499770221,1.8422712933753944,0.043998103588819504
268,71818,736.5,739.42," O hoje, era que vender música da mais dinheiro, galera.",0.0,-0.7536100499770221,1.8422712933753944,0.043998103588819504
269,71818,739.42,742.8599999999999," É, tá aqui, só os músicas do Minecraft, você vai sempre.",0.0,-0.7536100499770221,1.8422712933753944,0.043998103588819504
270,71818,742.8599999999999,744.18," O que é que, galera?",0.0,-0.7536100499770221,1.8422712933753944,0.043998103588819504
271,71818,744.18,745.3399999999999," Que coisa que é, Zita?",0.0,-0.7536100499770221,1.8422712933753944,0.043998103588819504
272,71818,745.3399999999999,747.38," O que em saboutou minha loja, galera?",0.0,-0.7536100499770221,1.8422712933753944,0.043998103588819504
273,74738,747.38,751.3," Não sei, não, mas será que ter alguma coisa a ver com o caer?",0.0,-0.5609158945607615,1.622093023255814,0.007935130037367344
274,74738,751.3,752.3," Olha, sei, isso, galera.",0.0,-0.5609158945607615,1.622093023255814,0.007935130037367344
275,74738,752.3,754.02, Parece que meu plano já começou a funcionar.,0.0,-0.5609158945607615,1.622093023255814,0.007935130037367344
276,74738,754.02,755.7, O primeiro clíte de a seu dola de doques.,0.0,-0.5609158945607615,1.622093023255814,0.007935130037367344
277,74738,755.7,757.3, E comprou ser derrado.,0.0,-0.5609158945607615,1.622093023255814,0.007935130037367344
278,74738,757.3,758.54," Oi, doa, agora só.",0.0,-0.5609158945607615,1.622093023255814,0.007935130037367344
279,74738,758.54,760.3," Esperar, bombes, plodinha.",0.0,-0.5609158945607615,1.622093023255814,0.007935130037367344
280,74738,760.3,762.66," Boa, cara, que te contigo dessa casinha mesmo.",0.0,-0.5609158945607615,1.622093023255814,0.007935130037367344
281,74738,762.66,765.26, Porque aqui é um bom esconderente pra ficar o observando ao lojo doqueço.,0.0,-0.5609158945607615,1.622093023255814,0.007935130037367344
282,74738,765.26,767.62," Galera, vem de música, dá muito mais dinheiro.",0.0,-0.5609158945607615,1.622093023255814,0.007935130037367344
283,74738,767.62,770.74, E eu já consegui vender todas as minhas músicas.,0.0,-0.5609158945607615,1.622093023255814,0.007935130037367344
284,74738,770.74,773.22, Até coloquei algumas outras aqui no lugar.,0.0,-0.5609158945607615,1.622093023255814,0.007935130037367344
285,74738,773.22,775.82, Olha o tanto de dinheiro que eu consegui.,0.0,-0.5609158945607615,1.622093023255814,0.007935130037367344
286,77582,775.94,778.4200000000001, Eu acho que não vai dar nem pra guardar mais nesse baú.,0.0,-0.6104681832449776,1.6627218934911243,0.023324286565184593
287,77582,778.4200000000001,779.94, Mas eu vou guardar meio de massinho.,0.0,-0.6104681832449776,1.6627218934911243,0.023324286565184593
288,77582,779.94,782.1," E como eu disse, é que eu vou espaço do meu baú.",0.0,-0.6104681832449776,1.6627218934911243,0.023324286565184593
289,77582,782.1,783.5, Eu vou ter que arrumar outro.,0.0,-0.6104681832449776,1.6627218934911243,0.023324286565184593
290,77582,783.5,787.0200000000001," E olha, galera, por exemplo, o comprador tá viruco para a dinôvel.",0.0,-0.6104681832449776,1.6627218934911243,0.023324286565184593
291,77582,787.0200000000001,788.74, Ele tem ficado muito satisfeito.,0.0,-0.6104681832449776,1.6627218934911243,0.023324286565184593
292,77582,788.74,791.34," Oi, meu amigo, você já beijo de novo.",0.0,-0.6104681832449776,1.6627218934911243,0.023324286565184593
293,77582,791.34,792.7," Que ir, vai ver, não quer?",0.0,-0.6104681832449776,1.6627218934911243,0.023324286565184593
294,77582,792.7,794.5, Eu vou te preparar.,0.0,-0.6104681832449776,1.6627218934911243,0.023324286565184593
295,77582,794.5,796.7," Mas por que você não gostou de ceder, é foi?",0.0,-0.6104681832449776,1.6627218934911243,0.023324286565184593
296,77582,796.7,798.5400000000001, Que esse ceder que você não vede a mamá?,0.0,-0.6104681832449776,1.6627218934911243,0.023324286565184593
297,77582,798.5400000000001,800.1400000000001, Porque ele era uma funcionar.,0.0,-0.6104681832449776,1.6627218934911243,0.023324286565184593
298,77582,800.1400000000001,801.58," Fície, Galera, não quis.",0.0,-0.6104681832449776,1.6627218934911243,0.023324286565184593
299,77582,801.58,803.3800000000001, Será que tira aquele ceder?,0.0,-0.6104681832449776,1.6627218934911243,0.023324286565184593
300,77582,803.3800000000001,804.86," É, mas tudo bem.",0.0,-0.6104681832449776,1.6627218934911243,0.023324286565184593
301,80486,804.94,806.02," É, não fica assim, não.",0.0,-0.5888351645704877,2.243027888446215,0.003944828640669584
302,80486,806.02,807.46," Tá outro dia, vai funcionar.",0.0,-0.5888351645704877,2.243027888446215,0.003944828640669584
303,80486,807.46,808.7," Não, não, não.",0.0,-0.5888351645704877,2.243027888446215,0.003944828640669584
304,80486,808.7,811.02," Eu quero no dinheiro de voltar, galera.",0.0,-0.5888351645704877,2.243027888446215,0.003944828640669584
305,80486,811.02,812.74," Mas aqui, não tem de evolução.",0.0,-0.5888351645704877,2.243027888446215,0.003944828640669584
306,80486,812.74,813.38," Seu, tu não.",0.0,-0.5888351645704877,2.243027888446215,0.003944828640669584
307,80486,813.38,814.7, Qual é o próprio que é que está mesmo?,0.0,-0.5888351645704877,2.243027888446215,0.003944828640669584
308,80486,814.7,816.74," Não, você vai ver só.",0.0,-0.5888351645704877,2.243027888446215,0.003944828640669584
309,80486,816.74,817.62," Não, você não vai ver só.",0.0,-0.5888351645704877,2.243027888446215,0.003944828640669584
310,80486,817.62,818.62, O que você vai?,0.0,-0.5888351645704877,2.243027888446215,0.003944828640669584
311,80486,818.62,819.62, O que você vai?,0.0,-0.5888351645704877,2.243027888446215,0.003944828640669584
312,80486,819.62,820.02," Não, não, não, não, é a tradar.",0.0,-0.5888351645704877,2.243027888446215,0.003944828640669584
313,80486,820.02,821.22, O ceder da minha loja.,0.0,-0.5888351645704877,2.243027888446215,0.003944828640669584
314,80486,821.22,823.74," Isso não, se faz com nenhum que não é, de todo mundo.",0.0,-0.5888351645704877,2.243027888446215,0.003944828640669584
315,82374,823.74,825.1," Aí, ai, ai, ai, ai, ai, ai, ai, ai, ai, ai, ai, ai.",0.6,-0.8382394076523623,1.8012820512820513,0.284352570772171
316,82374,825.1,825.78, As salva aí.,0.6,-0.8382394076523623,1.8012820512820513,0.284352570772171
317,82374,825.78,827.1800000000001, Eu vou agradecer descontroar.,0.6,-0.8382394076523623,1.8012820512820513,0.284352570772171
318,82374,827.1800000000001,828.82," Pera aí, eu vou fugir desse cara.",0.6,-0.8382394076523623,1.8012820512820513,0.284352570772171
319,82374,828.82,830.02," Que caramai, louco.",0.6,-0.8382394076523623,1.8012820512820513,0.284352570772171
320,82374,830.02,831.42," Bom dia, que você vai quitar.",0.6,-0.8382394076523623,1.8012820512820513,0.284352570772171
321,82374,831.42,832.58, O copo desse cara.,0.6,-0.8382394076523623,1.8012820512820513,0.284352570772171
322,82374,832.58,834.14, Eu quero é do dinheiro de volta.,0.6,-0.8382394076523623,1.8012820512820513,0.284352570772171
323,82374,834.14,834.62," Ah, né?",0.6,-0.8382394076523623,1.8012820512820513,0.284352570772171
324,82374,834.62,835.66, Se que eu achei?,0.6,-0.8382394076523623,1.8012820512820513,0.284352570772171
325,82374,835.66,836.7, Tem um lugar secreto.,0.6,-0.8382394076523623,1.8012820512820513,0.284352570772171
326,82374,836.7,838.14, Eu vou pegar tudo bem dinheiro.,0.6,-0.8382394076523623,1.8012820512820513,0.284352570772171
327,82374,838.14,839.9," Vou pegar tudo de dinheiro dele, tá?",0.6,-0.8382394076523623,1.8012820512820513,0.284352570772171
328,82374,839.9,842.14, Com quem será se você faz por aí o cliente.,0.6,-0.8382394076523623,1.8012820512820513,0.284352570772171
329,82374,842.14,844.3," Einer, ele está pegando meu dinheiro.",0.6,-0.8382394076523623,1.8012820512820513,0.284352570772171
330,82374,844.3,845.14, Será aí?,0.6,-0.8382394076523623,1.8012820512820513,0.284352570772171
331,82374,845.14,846.34, Você é um ladrão?,0.6,-0.8382394076523623,1.8012820512820513,0.284352570772171
332,82374,846.34,849.62," Ah, bro, eu vou ser passou a tener todos os seus clientes.",0.6,-0.8382394076523623,1.8012820512820513,0.284352570772171
333,82374,849.62,851.54, Eu vou se deducar pra puneçar.,0.6,-0.8382394076523623,1.8012820512820513,0.284352570772171
334,85154,851.54,856.28," Mas não foi eu que fiz isso, deixa eu ver, galera, não é possível, será que ele pegou todo o meu dinheiro?",0.0,-0.6336679356072539,1.7058823529411764,0.15250825881958008
335,85154,856.28,860.8," Ufa, aí, não sou um pouco de dinheiro, mas eu pedi muito dinheiro, olha isso, eu sou isso!",0.0,-0.6336679356072539,1.7058823529411764,0.15250825881958008
336,85154,860.8,865.64, Eu vou ver com o caelho e se a loja dele também aconteça as coisas estranhas.,0.0,-0.6336679356072539,1.7058823529411764,0.15250825881958008
337,85154,865.64,869.28," O caelho e cadê você, a presos fala uma coisa muito, gente, com você!",0.0,-0.6336679356072539,1.7058823529411764,0.15250825881958008
338,85154,869.28,872.8199999999999," Pera cadê o caelho não tem tempo, não tá na loja dele!",0.0,-0.6336679356072539,1.7058823529411764,0.15250825881958008
339,85154,872.8199999999999,873.86," Será aí, galera?",0.0,-0.6336679356072539,1.7058823529411764,0.15250825881958008
340,85154,873.86,875.54," Que que aqui ele não é gosti, olha?",0.0,-0.6336679356072539,1.7058823529411764,0.15250825881958008
341,85154,875.54,877.4, E alguém escondida atrás daquela casa?,0.0,-0.6336679356072539,1.7058823529411764,0.15250825881958008
342,85154,877.4,878.92, Deixa eu só ver que pode ter...,0.0,-0.6336679356072539,1.7058823529411764,0.15250825881958008
343,85154,878.92,880.42," Ai, ai, ai, que era gosto, olha!",0.0,-0.6336679356072539,1.7058823529411764,0.15250825881958008
344,88042,880.42,885.66," Essa é a loja do caelho, mas o que eu cae, que você tá fazendo escondida e atrás da cae!",0.2,-0.7842527909712358,1.9147727272727273,0.02757304348051548
345,88042,885.66,887.3, Eeeeeeeeeeeeeeeeeeeeeeeeeeeeeee!,0.2,-0.7842527909712358,1.9147727272727273,0.02757304348051548
346,88042,887.3,889.8," Eee, olha, que é, eu tava só te observando mesmo!",0.2,-0.7842527909712358,1.9147727272727273,0.02757304348051548
347,88042,889.8,891.4399999999999," O que é, eu tava meu me se avançado!",0.2,-0.7842527909712358,1.9147727272727273,0.02757304348051548
348,88042,891.4399999999999,892.5799999999999, A roe de...,0.2,-0.7842527909712358,1.9147727272727273,0.02757304348051548
349,88042,892.5799999999999,894.78," Que é isso que é, se eu te colando, gente!",0.2,-0.7842527909712358,1.9147727272727273,0.02757304348051548
350,88042,894.78,895.74, É que eu tô o bravo!,0.2,-0.7842527909712358,1.9147727272727273,0.02757304348051548
351,88042,895.74,899.6999999999999," Eu vou você estar pra volta, eu vou só querer saber qual você segredo, se eu conseguir ver de tanto assim!",0.2,-0.7842527909712358,1.9147727272727273,0.02757304348051548
352,88042,899.6999999999999,902.38," Um, tchau, tava querendo saber qual meu segredo, né?",0.2,-0.7842527909712358,1.9147727272727273,0.02757304348051548
353,88042,902.38,906.4599999999999," É porque eu contei uma coisa muito esquisita, eu não contei uma coisa muito esquisita na toa loja também não?",0.2,-0.7842527909712358,1.9147727272727273,0.02757304348051548
354,88042,906.4599999999999,909.68," É como que eu contei uma coisa que se tem em belade, se ela tava sendo nada, você vê de eu tudo!",0.2,-0.7842527909712358,1.9147727272727273,0.02757304348051548
355,90968,909.68,912.5999999999999," É, se vê com o comprê, quando eu já posso, mas você vê de eu tudo também a moja!",0.2,-0.6967028045654297,1.7444444444444445,0.04811565577983856
356,90968,912.5999999999999,915.7199999999999," Sim, mas eu tô falando num trocar um jogo de da sua loja não!",0.2,-0.6967028045654297,1.7444444444444445,0.04811565577983856
357,90968,915.7199999999999,919.2399999999999," Ah, você tá falando disso, não, no trocar um nada não!",0.2,-0.6967028045654297,1.7444444444444445,0.04811565577983856
358,90968,919.2399999999999,919.7199999999999," Que é isso, né?",0.2,-0.6967028045654297,1.7444444444444445,0.04811565577983856
359,90968,919.7199999999999,921.5999999999999," Vai tá de uma cê, não, entre ele, ela ainda!",0.2,-0.6967028045654297,1.7444444444444445,0.04811565577983856
360,90968,921.5999999999999,925.64," Então, vamos lá ver, carer, que eu acho que pode ser igual, coisa muito interessante, tem que dizer!",0.2,-0.6967028045654297,1.7444444444444445,0.04811565577983856
361,90968,925.64,928.12," Diz a interação, gente, tem que contei um natural loja, vamos ver!",0.2,-0.6967028045654297,1.7444444444444445,0.04811565577983856
362,90968,928.12,929.4," Vamos ver, vamos ver!",0.2,-0.6967028045654297,1.7444444444444445,0.04811565577983856
363,90968,929.4,933.76," Não, parece que Melája tá no havinha, inclusive, tá com todos os tipos de repótesques aqui, ó!",0.2,-0.6967028045654297,1.7444444444444445,0.04811565577983856
364,90968,933.76,937.4399999999999," É que coisas que se, terem, contei só com a loja, né?",0.2,-0.6967028045654297,1.7444444444444445,0.04811565577983856
365,93744,937.44,940.8000000000001," Será que não foi um setem vez, joes, o que trocou os meus jogos, não?",0.4,-0.6634076888186072,1.7676470588235293,0.20939040184020996
366,93744,940.8000000000001,946.8800000000001," Ah, não, cedo, o que você tá falando, agora, beijo, você, você me dá licença, eu vou trabalhar, porque alguém tem que vender!",0.4,-0.6634076888186072,1.7676470588235293,0.20939040184020996
367,93744,946.8800000000001,949.0400000000001," E, tu, gente, de verdade aqui, você me entendeu?",0.4,-0.6634076888186072,1.7676470588235293,0.20939040184020996
368,93744,949.0400000000001,951.5200000000001," Pera aí, tem de verdade, tá falando que Melája, tem som!",0.4,-0.6634076888186072,1.7676470588235293,0.20939040184020996
369,93744,951.5200000000001,952.12, Fah...,0.4,-0.6634076888186072,1.7676470588235293,0.20939040184020996
370,93744,952.12,953.6," Ah, tá, tá, tá, tá, tá, tá, tá, tá!",0.4,-0.6634076888186072,1.7676470588235293,0.20939040184020996
371,93744,953.6,959.8800000000001," É, agora eu entendi o que é aconteceu, ele já sabe que os itens que eu tava vendendo são atestfalso, como é que ele carinha é!",0.4,-0.6634076888186072,1.7676470588235293,0.20939040184020996
372,93744,959.8800000000001,961.12," Clamora, galera!",0.4,-0.6634076888186072,1.7676470588235293,0.20939040184020996
373,93744,961.12,965.8800000000001," Então, provavelmente foi o caer, mas agora eu vou botar minha viga assim prática!",0.4,-0.6634076888186072,1.7676470588235293,0.20939040184020996
374,96588,965.88,972.16," Eu vou usar um pouco do meu dinheiro pra fazer uma armadilha pra loja do caer, eu só preciso comprar alguns itens!",0.0,-0.29216263745282145,1.7389705882352942,0.011154322884976864
375,96588,972.16,974.04," 20 minutos, de coisa!",0.0,-0.29216263745282145,1.7389705882352942,0.011154322884976864
376,96588,974.04,975.4399999999999," E eu já vou ter, galera!",0.0,-0.29216263745282145,1.7389705882352942,0.011154322884976864
377,96588,975.4399999999999,979.04," E aqui ela é a loja do caer, tá cheia, gente!",0.0,-0.29216263745282145,1.7389705882352942,0.011154322884976864
378,96588,979.04,982.64," Assim que vai ser bom, eu comprei aqui um canhão!",0.0,-0.29216263745282145,1.7389705882352942,0.011154322884976864
379,96588,982.64,988.4399999999999," E eu vou destruir a loja do caer, já que ele acabou com a minha loja também, eu não vou poder mais vender pra ninguém!",0.0,-0.29216263745282145,1.7389705882352942,0.011154322884976864
380,96588,988.4399999999999,993.28," E pra isso eu vou fazer aqui, uma plataformazinha, e aqui eu vou colocar o meu canhão!",0.0,-0.29216263745282145,1.7389705882352942,0.011154322884976864
381,99328,993.28,997.0," Pronto, bem apuntado lá pra loja do caer, não tem erro!",0.0,-0.37379716317864914,1.7432432432432432,0.021943705156445503
382,99328,997.0,1002.68," Agora só a gente colocar aqui, a bola de canhão, uma lavaca, e agora é só ligar!",0.0,-0.37379716317864914,1.7432432432432432,0.021943705156445503
383,99328,1002.68,1009.56," Só que a gente não ligar esse canhão, o que ele vai se comentar se jogo aí nos comentários e assim eu vou deixar um coraçãozinho no seu comentário!",0.0,-0.37379716317864914,1.7432432432432432,0.021943705156445503
384,99328,1009.56,1016.0," Então, vocês quecem de comentar não comentar aí, mas só vale se você viu vídeo até aqui, e agora que você já comentou!",0.0,-0.37379716317864914,1.7432432432432432,0.021943705156445503
385,99328,1016.0,1018.56," Eu vou ligar esse canhão, vou mular!",0.0,-0.37379716317864914,1.7432432432432432,0.021943705156445503
386,99328,1018.56,1023.24," É um, é dois, é três, e tô a maia, essa caer!",0.0,-0.37379716317864914,1.7432432432432432,0.021943705156445503
387,102324,1023.8,1024.08, E aí!,0.0,-0.5289273729511336,1.7359550561797752,0.06183295324444771
388,102324,1024.08,1024.38, E aí!,0.0,-0.5289273729511336,1.7359550561797752,0.06183295324444771
389,102324,1024.38,1026.0," Estrui a laja do caer, e toda!",0.0,-0.5289273729511336,1.7359550561797752,0.06183295324444771
390,102324,1026.0,1027.44, Agora vai ligar mais alguma vez!,0.0,-0.5289273729511336,1.7359550561797752,0.06183295324444771
391,102324,1027.44,1028.8," Oh, mas essa!",0.0,-0.5289273729511336,1.7359550561797752,0.06183295324444771
392,102324,1028.8,1032.24," E agora você é correu do daqui, porque eu acho que eu não ia ficar furioso!",0.0,-0.5289273729511336,1.7359550561797752,0.06183295324444771
393,102324,1032.24,1035.36," O que que aconteceu, a minha loja explotiu, galera!",0.0,-0.5289273729511336,1.7359550561797752,0.06183295324444771
394,102324,1035.36,1038.04," Olha só, isso é a minha loja, explotiu inteira!",0.0,-0.5289273729511336,1.7359550561797752,0.06183295324444771
395,102324,1038.04,1040.0," Isso só pode ser coisa do que, olha só!",0.0,-0.5289273729511336,1.7359550561797752,0.06183295324444771
396,102324,1040.0,1041.36," Tem o caer, eu não lá na frente!",0.0,-0.5289273729511336,1.7359550561797752,0.06183295324444771
397,102324,1041.36,1042.68, Isso pode propósito!,0.0,-0.5289273729511336,1.7359550561797752,0.06183295324444771
398,102324,1042.68,1048.4," Ele está bem ali, eu preciso passar por outro lugar pra ele não me ver, e preciso chegar a minha loja, antes que ele falar!",0.0,-0.5289273729511336,1.7359550561797752,0.06183295324444771
399,102324,1048.4,1050.28," Então, vamos lá, galera, eu vou passar aqui por trás!",0.0,-0.5289273729511336,1.7359550561797752,0.06183295324444771
400,102324,1050.28,1052.96," Vamos fazer a igreja, sim, ele nunca vai te confiar que foi eu!",0.0,-0.5289273729511336,1.7359550561797752,0.06183295324444771
401,105296,1053.08,1054.32," Lá, lala, lala!",0.2,-0.626743049621582,1.7647058823529411,0.005819287616759539
402,105296,1054.32,1055.92," Olha só, galera, o que é assim, tá bem ali?",0.2,-0.626743049621582,1.7647058823529411,0.005819287616759539
403,105296,1055.92,1057.64," O que é se você explotiu, meu loja!",0.2,-0.626743049621582,1.7647058823529411,0.005819287616759539
404,105296,1057.64,1058.64," Tem essa, você vê a gorra!",0.2,-0.626743049621582,1.7647058823529411,0.005819287616759539
405,105296,1058.64,1060.6000000000001," Cama aí, cair, que que você tá falando?",0.2,-0.626743049621582,1.7647058823529411,0.005819287616759539
406,105296,1060.6000000000001,1061.8400000000001," Fica tranquilo, velho!",0.2,-0.626743049621582,1.7647058823529411,0.005819287616759539
407,105296,1061.8400000000001,1064.8," É, fica tranquilo, olha só, olha só, olha, polando ali, eu que aconteceu com a minha loja!",0.2,-0.626743049621582,1.7647058823529411,0.005819287616759539
408,105296,1064.8,1066.0, Ela explodiu inteira!,0.2,-0.626743049621582,1.7647058823529411,0.005819287616759539
409,105296,1066.0,1069.32," Nossa caer, é tua loja, tá os pedaços!",0.2,-0.626743049621582,1.7647058823529411,0.005819287616759539
410,105296,1069.32,1072.52," Não acredito que é, é que fez isso, você caer!",0.2,-0.626743049621582,1.7647058823529411,0.005819287616759539
411,105296,1072.52,1073.8400000000001," Nossa, que é?",0.2,-0.626743049621582,1.7647058823529411,0.005819287616759539
412,105296,1073.8400000000001,1076.92," Será que fez isso, olha aqui, olha aqui, na frente que tem um cânio!",0.2,-0.626743049621582,1.7647058823529411,0.005819287616759539
413,105296,1076.92,1080.8400000000001," Um cânio, bem de frente pra menhe a loja, hein?",0.2,-0.626743049621582,1.7647058823529411,0.005819287616759539
414,108084,1080.84,1086.3999999999999," Meu, tem os colocaram cânio, bem de frente pra sua loja, não acredito ainda bem que não foi pra mim,",0.0,-0.6169874874162086,1.7608695652173914,0.04670367017388344
415,108084,1086.3999999999999,1087.3999999999999, é que?,0.0,-0.6169874874162086,1.7608695652173914,0.04670367017388344
416,108084,1087.3999999999999,1089.1999999999998," É, da pega, tu foi de frente pra sua, né?",0.0,-0.6169874874162086,1.7608695652173914,0.04670367017388344
417,108084,1089.1999999999998,1090.72," Porque é, foi pra você, é que fez isso!",0.0,-0.6169874874162086,1.7608695652173914,0.04670367017388344
418,108084,1090.72,1096.8799999999999," Não, não, não, cair, já mais não teria coragem de fazer isso com um amigo do pego do coração!",0.0,-0.6169874874162086,1.7608695652173914,0.04670367017388344
419,108084,1096.8799999999999,1100.48," Ah, tô de ter dado, quer isso, tô de ter dado, tô de ter dado!",0.0,-0.6169874874162086,1.7608695652173914,0.04670367017388344
420,108084,1100.48,1103.3999999999999," Mas será como é que se eleguia esse cânio, eu quiserem que assim, cair, olha!",0.0,-0.6169874874162086,1.7608695652173914,0.04670367017388344
421,108084,1103.3999999999999,1105.3999999999999, Você sabe muito...,0.0,-0.6169874874162086,1.7608695652173914,0.04670367017388344
422,108084,1105.3999999999999,1109.3999999999999," Não, o que se fez?",0.0,-0.6169874874162086,1.7608695652173914,0.04670367017388344
423,110940,1109.4,1111.4," Mas você não vai ter mais que eleguia, que não cai!",0.0,-0.6679852803548177,1.8392282958199357,0.040227074176073074
424,110940,1111.4,1113.4," Eu tenho um dia, eu tenho um dia!",0.0,-0.6679852803548177,1.8392282958199357,0.040227074176073074
425,110940,1113.4,1114.4, Ahahahah!,0.0,-0.6679852803548177,1.8392282958199357,0.040227074176073074
426,110940,1114.4,1116.52," Bom, mas agora vou pra minha loja, vendeu?",0.0,-0.6679852803548177,1.8392282958199357,0.040227074176073074
427,110940,1116.52,1120.0800000000002," Eu te sei, desde aqui, sabe, o cê, desde que não presta um pra nada!",0.0,-0.6679852803548177,1.8392282958199357,0.040227074176073074
428,110940,1120.0800000000002,1121.0800000000002, Ahahahah!,0.0,-0.6679852803548177,1.8392282958199357,0.040227074176073074
429,110940,1121.0800000000002,1121.6000000000001," Vai, vendeu?",0.0,-0.6679852803548177,1.8392282958199357,0.040227074176073074
430,110940,1121.6000000000001,1123.4," Se você derrou em, que comeu que você!",0.0,-0.6679852803548177,1.8392282958199357,0.040227074176073074
431,110940,1123.4,1125.0800000000002, E você vai ficar sem loia!,0.0,-0.6679852803548177,1.8392282958199357,0.040227074176073074
432,110940,1125.0800000000002,1126.0800000000002, Se eu ver!,0.0,-0.6679852803548177,1.8392282958199357,0.040227074176073074
433,110940,1126.0800000000002,1127.88, Você também vai ficar sem ver!,0.0,-0.6679852803548177,1.8392282958199357,0.040227074176073074
434,110940,1127.88,1132.76," E ela não vai ficar sem loia, não, porque eu, eu estava virado pra sua loja e não pra mim!",0.0,-0.6679852803548177,1.8392282958199357,0.040227074176073074
435,110940,1132.76,1136.5600000000002," Ahahahah, mas os berenhe, fica, eu vi o que vai conseguir com a tola, já que é pouquinho!",0.0,-0.6679852803548177,1.8392282958199357,0.040227074176073074
436,110940,1136.5600000000002,1137.92, Pera isso foi uma ameaça!,0.0,-0.6679852803548177,1.8392282958199357,0.040227074176073074
437,110940,1137.92,1138.76, Por sorte!,0.0,-0.6679852803548177,1.8392282958199357,0.040227074176073074
438,113876,1138.76,1140.36," O mesmo estou aqui no estourur, olha só!",0.0,-0.6213846933681334,1.7386666666666666,0.0367596335709095
439,113876,1140.36,1144.64," Tem que essas caixes, e aqui eu tinha uma dinamite 20 vezes!",0.0,-0.6213846933681334,1.7386666666666666,0.0367596335709095
440,113876,1144.64,1148.32," Eu tenho logo duas, dessa, então vou colocar uma ticada, lá, da linda, olagindo que é assim!",0.0,-0.6213846933681334,1.7386666666666666,0.0367596335709095
441,113876,1148.32,1149.56, E aí ele me paga!,0.0,-0.6213846933681334,1.7386666666666666,0.0367596335709095
442,113876,1149.56,1151.52, Se eu não te alagia ele também não vai ter!,0.0,-0.6213846933681334,1.7386666666666666,0.0367596335709095
443,113876,1151.52,1153.8799999999999," Mas eu vou chegar gritando, olha, a gente eu cala cala aqui!",0.0,-0.6213846933681334,1.7386666666666666,0.0367596335709095
444,113876,1153.8799999999999,1156.32," Lala, lala, lala, e cola cala, aqui!",0.0,-0.6213846933681334,1.7386666666666666,0.0367596335709095
445,113876,1156.32,1157.4," E vou falar com ele aqui, olha!",0.0,-0.6213846933681334,1.7386666666666666,0.0367596335709095
446,113876,1157.4,1158.2, O que é essa?,0.0,-0.6213846933681334,1.7386666666666666,0.0367596335709095
447,113876,1158.2,1158.92," Oi, cair!",0.0,-0.6213846933681334,1.7386666666666666,0.0367596335709095
448,113876,1158.92,1162.8," Você vai fosse você andar pra não perder a salagem, porque vai acontecer um estouro!",0.0,-0.6213846933681334,1.7386666666666666,0.0367596335709095
449,113876,1162.8,1165.24," Pera aí, o cair ele goou, alguma coisa, traída a minha loja!",0.0,-0.6213846933681334,1.7386666666666666,0.0367596335709095
450,116524,1165.24,1168.52," Olha que que você tá falando, cair, o que é que você tá fazendo, o meu loja!",0.0,-0.5642100016276042,1.8238805970149254,0.3590112328529358
451,116524,1168.52,1169.88," Ah, o bateria ter!",0.0,-0.5642100016276042,1.8238805970149254,0.3590112328529358
452,116524,1169.88,1170.64, Não!,0.0,-0.5642100016276042,1.8238805970149254,0.3590112328529358
453,116524,1170.64,1172.64, Eu explodo a laxinha!,0.0,-0.5642100016276042,1.8238805970149254,0.3590112328529358
454,116524,1172.64,1175.08," Não é possível, o cara acabou com a minha loja!",0.0,-0.5642100016276042,1.8238805970149254,0.3590112328529358
455,116524,1175.08,1176.92," Ah, meu dinheiro tá aqui, eu vou pegar meu dinheiro!",0.0,-0.5642100016276042,1.8238805970149254,0.3590112328529358
456,116524,1176.92,1178.72, Eu vou pegar meu dinheiro e se ela ver!,0.0,-0.5642100016276042,1.8238805970149254,0.3590112328529358
457,116524,1178.72,1180.4, Eu vou comprar!,0.0,-0.5642100016276042,1.8238805970149254,0.3590112328529358
458,116524,1180.4,1181.52, Uma tem que ter!,0.0,-0.5642100016276042,1.8238805970149254,0.3590112328529358
459,116524,1181.52,1185.0," Um melhor de vez de mais forte que a sua, e vou destruir o seu Minecraft todos!",0.0,-0.5642100016276042,1.8238805970149254,0.3590112328529358
460,116524,1185.0,1188.08," Você pode fazer que você quiser, porque eu já estouri essa a laxinha, e você vai perdando",0.0,-0.5642100016276042,1.8238805970149254,0.3590112328529358
461,116524,1188.08,1189.68, esse dinheiro que eu se dira e fósque eu sei!,0.0,-0.5642100016276042,1.8238805970149254,0.3590112328529358
462,116524,1189.68,1193.4," Fósque é sua cara, quem costou nesse vídeo, deixa o like e se inscreve no canal!",0.0,-0.5642100016276042,1.8238805970149254,0.3590112328529358
